Project	Revision(prev)	Revision(cur)	Added	Deleted	File
activemq	activemq-5.0.0	activemq-5.1.0	37	0	activemq-camel-loadtest/src/test/java/org/apache/activemq/soaktest/LoadTest.java
activemq	activemq-5.0.0	activemq-5.1.0	39	0	activemq-camel-loadtest/src/test/java/org/apache/activemq/soaktest/localBroker/LocalBrokerLoadTest.java
activemq	activemq-5.0.0	activemq-5.1.0	39	0	activemq-camel-loadtest/src/test/java/org/apache/activemq/soaktest/localBroker/LocalBrokerParallelProducerLoadTest.java
activemq	activemq-5.0.0	activemq-5.1.0	244	0	activemq-console/src/main/java/org/apache/activemq/console/CommandContext.java
activemq	activemq-5.0.0	activemq-5.1.0	3	2	activemq-console/src/main/java/org/apache/activemq/console/ConsoleCommandHandler.java
activemq	activemq-5.0.0	activemq-5.1.0	5	6	activemq-console/src/main/java/org/apache/activemq/console/command/AbstractAmqCommand.java
activemq	activemq-5.0.0	activemq-5.1.0	9	3	activemq-console/src/main/java/org/apache/activemq/console/command/AbstractCommand.java
activemq	activemq-5.0.0	activemq-5.1.0	3	5	activemq-console/src/main/java/org/apache/activemq/console/command/AbstractJmxCommand.java
activemq	activemq-5.0.0	activemq-5.1.0	9	10	activemq-console/src/main/java/org/apache/activemq/console/command/AmqBrowseCommand.java
activemq	activemq-5.0.0	activemq-5.1.0	7	8	activemq-console/src/main/java/org/apache/activemq/console/command/BrowseCommand.java
activemq	activemq-5.0.0	activemq-5.1.0	5	0	activemq-console/src/main/java/org/apache/activemq/console/command/Command.java
activemq	activemq-5.0.0	activemq-5.1.0	3	4	activemq-console/src/main/java/org/apache/activemq/console/command/ListCommand.java
activemq	activemq-5.0.0	activemq-5.1.0	6	7	activemq-console/src/main/java/org/apache/activemq/console/command/PurgeCommand.java
activemq	activemq-5.0.0	activemq-5.1.0	8	9	activemq-console/src/main/java/org/apache/activemq/console/command/QueryCommand.java
activemq	activemq-5.0.0	activemq-5.1.0	20	11	activemq-console/src/main/java/org/apache/activemq/console/command/ShellCommand.java
activemq	activemq-5.0.0	activemq-5.1.0	7	8	activemq-console/src/main/java/org/apache/activemq/console/command/ShutdownCommand.java
activemq	activemq-5.0.0	activemq-5.1.0	3	4	activemq-console/src/main/java/org/apache/activemq/console/command/StartCommand.java
activemq	activemq-5.0.0	activemq-5.1.0	1	2	activemq-console/src/main/java/org/apache/activemq/console/filter/MapTransformFilter.java
activemq	activemq-5.0.0	activemq-5.1.0	0	249	activemq-console/src/main/java/org/apache/activemq/console/formatter/GlobalWriter.java
activemq	activemq-5.0.0	activemq-5.1.0	1	1	activemq-console/src/main/java/org/apache/activemq/console/formatter/OutputFormatter.java
activemq	activemq-5.0.0	activemq-5.1.0	76	41	activemq-core/src/main/java/org/apache/activemq/ActiveMQConnection.java
activemq	activemq-5.0.0	activemq-5.1.0	22	3	activemq-core/src/main/java/org/apache/activemq/ActiveMQConnectionFactory.java
activemq	activemq-5.0.0	activemq-5.1.0	3	2	activemq-core/src/main/java/org/apache/activemq/ActiveMQInputStream.java
activemq	activemq-5.0.0	activemq-5.1.0	129	108	activemq-core/src/main/java/org/apache/activemq/ActiveMQMessageConsumer.java
activemq	activemq-5.0.0	activemq-5.1.0	3	2	activemq-core/src/main/java/org/apache/activemq/ActiveMQMessageProducer.java
activemq	activemq-5.0.0	activemq-5.1.0	15	0	activemq-core/src/main/java/org/apache/activemq/ActiveMQMessageProducerSupport.java
activemq	activemq-5.0.0	activemq-5.1.0	13	13	activemq-core/src/main/java/org/apache/activemq/ActiveMQMessageTransformation.java
activemq	activemq-5.0.0	activemq-5.1.0	12	10	activemq-core/src/main/java/org/apache/activemq/ActiveMQOutputStream.java
activemq	activemq-5.0.0	activemq-5.1.0	2	2	activemq-core/src/main/java/org/apache/activemq/ActiveMQQueueSender.java
activemq	activemq-5.0.0	activemq-5.1.0	15	10	activemq-core/src/main/java/org/apache/activemq/ActiveMQSession.java
activemq	activemq-5.0.0	activemq-5.1.0	2	2	activemq-core/src/main/java/org/apache/activemq/ActiveMQTopicPublisher.java
activemq	activemq-5.0.0	activemq-5.1.0	1	1	activemq-core/src/main/java/org/apache/activemq/ActiveMQXAConnection.java
activemq	activemq-5.0.0	activemq-5.1.0	4	3	activemq-core/src/main/java/org/apache/activemq/AdvisoryConsumer.java
activemq	activemq-5.0.0	activemq-5.1.0	41	0	activemq-core/src/main/java/org/apache/activemq/EnhancedConnection.java
activemq	activemq-5.0.0	activemq-5.1.0	77	30	activemq-core/src/main/java/org/apache/activemq/advisory/AdvisoryBroker.java
activemq	activemq-5.0.0	activemq-5.1.0	2	1	activemq-core/src/main/java/org/apache/activemq/advisory/AdvisorySupport.java
activemq	activemq-5.0.0	activemq-5.1.0	60	0	activemq-core/src/main/java/org/apache/activemq/advisory/DestinationEvent.java
activemq	activemq-5.0.0	activemq-5.1.0	26	0	activemq-core/src/main/java/org/apache/activemq/advisory/DestinationListener.java
activemq	activemq-5.0.0	activemq-5.1.0	193	0	activemq-core/src/main/java/org/apache/activemq/advisory/DestinationSource.java
activemq	activemq-5.0.0	activemq-5.1.0	5	0	activemq-core/src/main/java/org/apache/activemq/broker/Broker.java
activemq	activemq-5.0.0	activemq-5.1.0	1	1	activemq-core/src/main/java/org/apache/activemq/broker/BrokerFactory.java
activemq	activemq-5.0.0	activemq-5.1.0	5	1	activemq-core/src/main/java/org/apache/activemq/broker/BrokerFilter.java
activemq	activemq-5.0.0	activemq-5.1.0	208	60	activemq-core/src/main/java/org/apache/activemq/broker/BrokerService.java
activemq	activemq-5.0.0	activemq-5.1.0	6	0	activemq-core/src/main/java/org/apache/activemq/broker/Connection.java
activemq	activemq-5.0.0	activemq-5.1.0	17	2	activemq-core/src/main/java/org/apache/activemq/broker/ConnectionContext.java
activemq	activemq-5.0.0	activemq-5.1.0	4	0	activemq-core/src/main/java/org/apache/activemq/broker/EmptyBroker.java
activemq	activemq-5.0.0	activemq-5.1.0	4	0	activemq-core/src/main/java/org/apache/activemq/broker/ErrorBroker.java
activemq	activemq-5.0.0	activemq-5.1.0	11	10	activemq-core/src/main/java/org/apache/activemq/broker/MutableBrokerFilter.java
activemq	activemq-5.0.0	activemq-5.1.0	0	4	activemq-core/src/main/java/org/apache/activemq/broker/SingleTransportConnectionStateRegister.java
activemq	activemq-5.0.0	activemq-5.1.0	2	2	activemq-core/src/main/java/org/apache/activemq/broker/SslBrokerService.java
activemq	activemq-5.0.0	activemq-5.1.0	187	159	activemq-core/src/main/java/org/apache/activemq/broker/TransportConnection.java
activemq	activemq-5.0.0	activemq-5.1.0	91	68	activemq-core/src/main/java/org/apache/activemq/broker/TransportConnector.java
activemq	activemq-5.0.0	activemq-5.1.0	92	0	activemq-core/src/main/java/org/apache/activemq/broker/cluster/ConnectionSplitBroker.java
activemq	activemq-5.0.0	activemq-5.1.0	10	16	activemq-core/src/main/java/org/apache/activemq/broker/ft/MasterConnector.java
activemq	activemq-5.0.0	activemq-5.1.0	55	14	activemq-core/src/main/java/org/apache/activemq/broker/jmx/BrokerView.java
activemq	activemq-5.0.0	activemq-5.1.0	22	3	activemq-core/src/main/java/org/apache/activemq/broker/jmx/BrokerViewMBean.java
activemq	activemq-5.0.0	activemq-5.1.0	55	4	activemq-core/src/main/java/org/apache/activemq/broker/jmx/DestinationView.java
activemq	activemq-5.0.0	activemq-5.1.0	65	1	activemq-core/src/main/java/org/apache/activemq/broker/jmx/DestinationViewMBean.java
activemq	activemq-5.0.0	activemq-5.1.0	2	2	activemq-core/src/main/java/org/apache/activemq/broker/jmx/ManagedQueueRegion.java
activemq	activemq-5.0.0	activemq-5.1.0	1	1	activemq-core/src/main/java/org/apache/activemq/broker/jmx/ManagedRegionBroker.java
activemq	activemq-5.0.0	activemq-5.1.0	6	5	activemq-core/src/main/java/org/apache/activemq/broker/jmx/ManagedTempQueueRegion.java
activemq	activemq-5.0.0	activemq-5.1.0	2	2	activemq-core/src/main/java/org/apache/activemq/broker/jmx/ManagedTransportConnector.java
activemq	activemq-5.0.0	activemq-5.1.0	4	1	activemq-core/src/main/java/org/apache/activemq/broker/jmx/ManagementContext.java
activemq	activemq-5.0.0	activemq-5.1.0	4	0	activemq-core/src/main/java/org/apache/activemq/broker/jmx/NetworkConnectorView.java
activemq	activemq-5.0.0	activemq-5.1.0	2	0	activemq-core/src/main/java/org/apache/activemq/broker/jmx/NetworkConnectorViewMBean.java
activemq	activemq-5.0.0	activemq-5.1.0	4	0	activemq-core/src/main/java/org/apache/activemq/broker/jmx/SubscriptionView.java
activemq	activemq-5.0.0	activemq-5.1.0	7	0	activemq-core/src/main/java/org/apache/activemq/broker/jmx/SubscriptionViewMBean.java
activemq	activemq-5.0.0	activemq-5.1.0	87	34	activemq-core/src/main/java/org/apache/activemq/broker/region/AbstractRegion.java
activemq	activemq-5.0.0	activemq-5.1.0	17	6	activemq-core/src/main/java/org/apache/activemq/broker/region/AbstractSubscription.java
activemq	activemq-5.0.0	activemq-5.1.0	156	0	activemq-core/src/main/java/org/apache/activemq/broker/region/AbstractTempRegion.java
activemq	activemq-5.0.0	activemq-5.1.0	126	2	activemq-core/src/main/java/org/apache/activemq/broker/region/BaseDestination.java
activemq	activemq-5.0.0	activemq-5.1.0	7	0	activemq-core/src/main/java/org/apache/activemq/broker/region/CompositeDestinationInterceptor.java
activemq	activemq-5.0.0	activemq-5.1.0	54	5	activemq-core/src/main/java/org/apache/activemq/broker/region/Destination.java
activemq	activemq-5.0.0	activemq-5.1.0	15	34	activemq-core/src/main/java/org/apache/activemq/broker/region/DestinationFactoryImpl.java
activemq	activemq-5.0.0	activemq-5.1.0	85	8	activemq-core/src/main/java/org/apache/activemq/broker/region/DestinationFilter.java
activemq	activemq-5.0.0	activemq-5.1.0	2	0	activemq-core/src/main/java/org/apache/activemq/broker/region/DestinationInterceptor.java
activemq	activemq-5.0.0	activemq-5.1.0	21	0	activemq-core/src/main/java/org/apache/activemq/broker/region/DestinationStatistics.java
activemq	activemq-5.0.0	activemq-5.1.0	78	49	activemq-core/src/main/java/org/apache/activemq/broker/region/DurableTopicSubscription.java
activemq	activemq-5.0.0	activemq-5.1.0	35	97	activemq-core/src/main/java/org/apache/activemq/broker/region/IndirectMessageReference.java
activemq	activemq-5.0.0	activemq-5.1.0	3	2	activemq-core/src/main/java/org/apache/activemq/broker/region/NullMessageReference.java
activemq	activemq-5.0.0	activemq-5.1.0	304	276	activemq-core/src/main/java/org/apache/activemq/broker/region/PrefetchSubscription.java
activemq	activemq-5.0.0	activemq-5.1.0	544	408	activemq-core/src/main/java/org/apache/activemq/broker/region/Queue.java
activemq	activemq-5.0.0	activemq-5.1.0	22	6	activemq-core/src/main/java/org/apache/activemq/broker/region/QueueBrowserSubscription.java
activemq	activemq-5.0.0	activemq-5.1.0	128	0	activemq-core/src/main/java/org/apache/activemq/broker/region/QueueDispatchSelector.java
activemq	activemq-5.0.0	activemq-5.1.0	1	1	activemq-core/src/main/java/org/apache/activemq/broker/region/QueueMessageReference.java
activemq	activemq-5.0.0	activemq-5.1.0	3	2	activemq-core/src/main/java/org/apache/activemq/broker/region/QueueRegion.java
activemq	activemq-5.0.0	activemq-5.1.0	16	120	activemq-core/src/main/java/org/apache/activemq/broker/region/QueueSubscription.java
activemq	activemq-5.0.0	activemq-5.1.0	17	1	activemq-core/src/main/java/org/apache/activemq/broker/region/Region.java
activemq	activemq-5.0.0	activemq-5.1.0	64	17	activemq-core/src/main/java/org/apache/activemq/broker/region/RegionBroker.java
activemq	activemq-5.0.0	activemq-5.1.0	26	8	activemq-core/src/main/java/org/apache/activemq/broker/region/Subscription.java
activemq	activemq-5.0.0	activemq-5.1.0	98	0	activemq-core/src/main/java/org/apache/activemq/broker/region/TempQueue.java
activemq	activemq-5.0.0	activemq-5.1.0	15	23	activemq-core/src/main/java/org/apache/activemq/broker/region/TempQueueRegion.java
activemq	activemq-5.0.0	activemq-5.1.0	72	0	activemq-core/src/main/java/org/apache/activemq/broker/region/TempTopic.java
activemq	activemq-5.0.0	activemq-5.1.0	7	1	activemq-core/src/main/java/org/apache/activemq/broker/region/TempTopicRegion.java
activemq	activemq-5.0.0	activemq-5.1.0	65	81	activemq-core/src/main/java/org/apache/activemq/broker/region/Topic.java
activemq	activemq-5.0.0	activemq-5.1.0	14	8	activemq-core/src/main/java/org/apache/activemq/broker/region/TopicRegion.java
activemq	activemq-5.0.0	activemq-5.1.0	75	69	activemq-core/src/main/java/org/apache/activemq/broker/region/TopicSubscription.java
activemq	activemq-5.0.0	activemq-5.1.0	39	5	activemq-core/src/main/java/org/apache/activemq/broker/region/cursors/AbstractPendingMessageCursor.java
activemq	activemq-5.0.0	activemq-5.1.0	222	0	activemq-core/src/main/java/org/apache/activemq/broker/region/cursors/AbstractStoreCursor.java
activemq	activemq-5.0.0	activemq-5.1.0	108	29	activemq-core/src/main/java/org/apache/activemq/broker/region/cursors/FilePendingMessageCursor.java
activemq	activemq-5.0.0	activemq-5.1.0	29	2	activemq-core/src/main/java/org/apache/activemq/broker/region/cursors/PendingMessageCursor.java
activemq	activemq-5.0.0	activemq-5.1.0	22	121	activemq-core/src/main/java/org/apache/activemq/broker/region/cursors/QueueStorePrefetch.java
activemq	activemq-5.0.0	activemq-5.1.0	37	29	activemq-core/src/main/java/org/apache/activemq/broker/region/cursors/StoreDurableSubscriberCursor.java
activemq	activemq-5.0.0	activemq-5.1.0	30	13	activemq-core/src/main/java/org/apache/activemq/broker/region/cursors/StoreQueueCursor.java
activemq	activemq-5.0.0	activemq-5.1.0	22	162	activemq-core/src/main/java/org/apache/activemq/broker/region/cursors/TopicStorePrefetch.java
activemq	activemq-5.0.0	activemq-5.1.0	30	10	activemq-core/src/main/java/org/apache/activemq/broker/region/cursors/VMPendingMessageCursor.java
activemq	activemq-5.0.0	activemq-5.1.0	38	0	activemq-core/src/main/java/org/apache/activemq/broker/region/policy/DispatchSelector.java
activemq	activemq-5.0.0	activemq-5.1.0	5	4	activemq-core/src/main/java/org/apache/activemq/broker/region/policy/FilePendingDurableSubscriberMessageStoragePolicy.java
activemq	activemq-5.0.0	activemq-5.1.0	4	4	activemq-core/src/main/java/org/apache/activemq/broker/region/policy/FilePendingQueueMessageStoragePolicy.java
activemq	activemq-5.0.0	activemq-5.1.0	4	5	activemq-core/src/main/java/org/apache/activemq/broker/region/policy/FilePendingSubscriberMessageStoragePolicy.java
activemq	activemq-5.0.0	activemq-5.1.0	4	3	activemq-core/src/main/java/org/apache/activemq/broker/region/policy/PendingDurableSubscriberMessageStoragePolicy.java
activemq	activemq-5.0.0	activemq-5.1.0	3	3	activemq-core/src/main/java/org/apache/activemq/broker/region/policy/PendingQueueMessageStoragePolicy.java
activemq	activemq-5.0.0	activemq-5.1.0	3	3	activemq-core/src/main/java/org/apache/activemq/broker/region/policy/PendingSubscriberMessageStoragePolicy.java
activemq	activemq-5.0.0	activemq-5.1.0	75	11	activemq-core/src/main/java/org/apache/activemq/broker/region/policy/PolicyEntry.java
activemq	activemq-5.0.0	activemq-5.1.0	8	12	activemq-core/src/main/java/org/apache/activemq/broker/region/policy/RoundRobinDispatchPolicy.java
activemq	activemq-5.0.0	activemq-5.1.0	15	13	activemq-core/src/main/java/org/apache/activemq/broker/region/policy/SimpleDispatchPolicy.java
activemq	activemq-5.0.0	activemq-5.1.0	48	0	activemq-core/src/main/java/org/apache/activemq/broker/region/policy/SimpleDispatchSelector.java
activemq	activemq-5.0.0	activemq-5.1.0	5	3	activemq-core/src/main/java/org/apache/activemq/broker/region/policy/StorePendingDurableSubscriberMessageStoragePolicy.java
activemq	activemq-5.0.0	activemq-5.1.0	4	4	activemq-core/src/main/java/org/apache/activemq/broker/region/policy/StorePendingQueueMessageStoragePolicy.java
activemq	activemq-5.0.0	activemq-5.1.0	4	4	activemq-core/src/main/java/org/apache/activemq/broker/region/policy/VMPendingDurableSubscriberMessageStoragePolicy.java
activemq	activemq-5.0.0	activemq-5.1.0	3	3	activemq-core/src/main/java/org/apache/activemq/broker/region/policy/VMPendingQueueMessageStoragePolicy.java
activemq	activemq-5.0.0	activemq-5.1.0	3	4	activemq-core/src/main/java/org/apache/activemq/broker/region/policy/VMPendingSubscriberMessageStoragePolicy.java
activemq	activemq-5.0.0	activemq-5.1.0	4	0	activemq-core/src/main/java/org/apache/activemq/broker/region/virtual/CompositeDestination.java
activemq	activemq-5.0.0	activemq-5.1.0	9	4	activemq-core/src/main/java/org/apache/activemq/broker/region/virtual/CompositeDestinationFilter.java
activemq	activemq-5.0.0	activemq-5.1.0	1	0	activemq-core/src/main/java/org/apache/activemq/broker/region/virtual/CompositeQueue.java
activemq	activemq-5.0.0	activemq-5.1.0	36	17	activemq-core/src/main/java/org/apache/activemq/broker/region/virtual/MirroredQueue.java
activemq	activemq-5.0.0	activemq-5.1.0	5	1	activemq-core/src/main/java/org/apache/activemq/broker/region/virtual/VirtualDestinationInterceptor.java
activemq	activemq-5.0.0	activemq-5.1.0	4	0	activemq-core/src/main/java/org/apache/activemq/broker/region/virtual/VirtualTopic.java
activemq	activemq-5.0.0	activemq-5.1.0	10	1	activemq-core/src/main/java/org/apache/activemq/broker/util/CommandAgent.java
activemq	activemq-5.0.0	activemq-5.1.0	9	1	activemq-core/src/main/java/org/apache/activemq/broker/util/TimeStampingBrokerPlugin.java
activemq	activemq-5.0.0	activemq-5.1.0	43	0	activemq-core/src/main/java/org/apache/activemq/camel/component/ActiveMQComponent.java
activemq	activemq-5.0.0	activemq-5.1.0	82	4	activemq-core/src/main/java/org/apache/activemq/camel/component/ActiveMQConfiguration.java
activemq	activemq-5.0.0	activemq-5.1.0	160	0	activemq-core/src/main/java/org/apache/activemq/camel/component/CamelEndpointLoader.java
activemq	activemq-5.0.0	activemq-5.1.0	36	35	activemq-core/src/main/java/org/apache/activemq/command/ActiveMQMessage.java
activemq	activemq-5.0.0	activemq-5.1.0	1	1	activemq-core/src/main/java/org/apache/activemq/command/ActiveMQTextMessage.java
activemq	activemq-5.0.0	activemq-5.1.0	39	0	activemq-core/src/main/java/org/apache/activemq/command/ConsumerInfo.java
activemq	activemq-5.0.0	activemq-5.1.0	19	4	activemq-core/src/main/java/org/apache/activemq/command/Message.java
activemq	activemq-5.0.0	activemq-5.1.0	12	1	activemq-core/src/main/java/org/apache/activemq/command/WireFormatInfo.java
activemq	activemq-5.0.0	activemq-5.1.0	5	5	activemq-core/src/main/java/org/apache/activemq/filter/MessageEvaluationContext.java
activemq	activemq-5.0.0	activemq-5.1.0	42	0	activemq-core/src/main/java/org/apache/activemq/filter/NonCachedMessageEvaluationContext.java
activemq	activemq-5.0.0	activemq-5.1.0	26	0	activemq-core/src/main/java/org/apache/activemq/kaha/IndexMBean.java
activemq	activemq-5.0.0	activemq-5.1.0	5	0	activemq-core/src/main/java/org/apache/activemq/kaha/MapContainer.java
activemq	activemq-5.0.0	activemq-5.1.0	26	0	activemq-core/src/main/java/org/apache/activemq/kaha/Store.java
activemq	activemq-5.0.0	activemq-5.1.0	65	55	activemq-core/src/main/java/org/apache/activemq/kaha/impl/KahaStore.java
activemq	activemq-5.0.0	activemq-5.1.0	88	32	activemq-core/src/main/java/org/apache/activemq/kaha/impl/async/AsyncDataManager.java
activemq	activemq-5.0.0	activemq-5.1.0	7	1	activemq-core/src/main/java/org/apache/activemq/kaha/impl/async/ControlFile.java
activemq	activemq-5.0.0	activemq-5.1.0	8	8	activemq-core/src/main/java/org/apache/activemq/kaha/impl/async/DataFile.java
activemq	activemq-5.0.0	activemq-5.1.0	0	1	activemq-core/src/main/java/org/apache/activemq/kaha/impl/async/DataFileAccessor.java
activemq	activemq-5.0.0	activemq-5.1.0	67	25	activemq-core/src/main/java/org/apache/activemq/kaha/impl/async/DataFileAppender.java
activemq	activemq-5.0.0	activemq-5.1.0	6	0	activemq-core/src/main/java/org/apache/activemq/kaha/impl/async/JournalFacade.java
activemq	activemq-5.0.0	activemq-5.1.0	23	16	activemq-core/src/main/java/org/apache/activemq/kaha/impl/async/NIODataFileAppender.java
activemq	activemq-5.0.0	activemq-5.1.0	131	0	activemq-core/src/main/java/org/apache/activemq/kaha/impl/async/ReadOnlyAsyncDataManager.java
activemq	activemq-5.0.0	activemq-5.1.0	60	0	activemq-core/src/main/java/org/apache/activemq/kaha/impl/async/ReadOnlyDataFile.java
activemq	activemq-5.0.0	activemq-5.1.0	3	0	activemq-core/src/main/java/org/apache/activemq/kaha/impl/container/ContainerKeySetIterator.java
activemq	activemq-5.0.0	activemq-5.1.0	30	0	activemq-core/src/main/java/org/apache/activemq/kaha/impl/container/MapContainerImpl.java
activemq	activemq-5.0.0	activemq-5.1.0	1	0	activemq-core/src/main/java/org/apache/activemq/kaha/impl/data/DataManagerImpl.java
activemq	activemq-5.0.0	activemq-5.1.0	1	1	activemq-core/src/main/java/org/apache/activemq/kaha/impl/index/DiskIndexLinkedList.java
activemq	activemq-5.0.0	activemq-5.1.0	6	0	activemq-core/src/main/java/org/apache/activemq/kaha/impl/index/Index.java
activemq	activemq-5.0.0	activemq-5.1.0	6	0	activemq-core/src/main/java/org/apache/activemq/kaha/impl/index/IndexManager.java
activemq	activemq-5.0.0	activemq-5.1.0	7	2	activemq-core/src/main/java/org/apache/activemq/kaha/impl/index/VMIndex.java
activemq	activemq-5.0.0	activemq-5.1.0	89	54	activemq-core/src/main/java/org/apache/activemq/kaha/impl/index/hash/HashBin.java
activemq	activemq-5.0.0	activemq-5.1.0	100	59	activemq-core/src/main/java/org/apache/activemq/kaha/impl/index/hash/HashIndex.java
activemq	activemq-5.0.0	activemq-5.1.0	70	0	activemq-core/src/main/java/org/apache/activemq/kaha/impl/index/hash/HashIndexMBean.java
activemq	activemq-5.0.0	activemq-5.1.0	14	32	activemq-core/src/main/java/org/apache/activemq/kaha/impl/index/hash/HashPage.java
activemq	activemq-5.0.0	activemq-5.1.0	15	6	activemq-core/src/main/java/org/apache/activemq/kaha/impl/index/hash/HashPageInfo.java
activemq	activemq-5.0.0	activemq-5.1.0	4	0	activemq-core/src/main/java/org/apache/activemq/kaha/impl/index/tree/TreeIndex.java
activemq	activemq-5.0.0	activemq-5.1.0	2	5	activemq-core/src/main/java/org/apache/activemq/network/ConduitBridge.java
activemq	activemq-5.0.0	activemq-5.1.0	80	25	activemq-core/src/main/java/org/apache/activemq/network/DemandForwardingBridgeSupport.java
activemq	activemq-5.0.0	activemq-5.1.0	12	4	activemq-core/src/main/java/org/apache/activemq/network/DemandSubscription.java
activemq	activemq-5.0.0	activemq-5.1.0	13	2	activemq-core/src/main/java/org/apache/activemq/network/DiscoveryNetworkConnector.java
activemq	activemq-5.0.0	activemq-5.1.0	3	1	activemq-core/src/main/java/org/apache/activemq/network/DurableConduitBridge.java
activemq	activemq-5.0.0	activemq-5.1.0	402	158	activemq-core/src/main/java/org/apache/activemq/network/LdapNetworkConnector.java
activemq	activemq-5.0.0	activemq-5.1.0	6	1	activemq-core/src/main/java/org/apache/activemq/network/MulticastNetworkConnector.java
activemq	activemq-5.0.0	activemq-5.1.0	4	1	activemq-core/src/main/java/org/apache/activemq/network/NetworkBridgeConfiguration.java
activemq	activemq-5.0.0	activemq-5.1.0	12	4	activemq-core/src/main/java/org/apache/activemq/network/NetworkConnector.java
activemq	activemq-5.0.0	activemq-5.1.0	31	0	activemq-core/src/main/java/org/apache/activemq/network/jms/JmsConnector.java
activemq	activemq-5.0.0	activemq-5.1.0	6	0	activemq-core/src/main/java/org/apache/activemq/network/jms/JmsQueueConnector.java
activemq	activemq-5.0.0	activemq-5.1.0	6	0	activemq-core/src/main/java/org/apache/activemq/network/jms/JmsTopicConnector.java
activemq	activemq-5.0.0	activemq-5.1.0	4	3	activemq-core/src/main/java/org/apache/activemq/openwire/OpenWireFormat.java
activemq	activemq-5.0.0	activemq-5.1.0	13	2	activemq-core/src/main/java/org/apache/activemq/openwire/OpenWireFormatFactory.java
activemq	activemq-5.0.0	activemq-5.1.0	1	2	activemq-core/src/main/java/org/apache/activemq/openwire/v1/BaseDataStreamMarshaller.java
activemq	activemq-5.0.0	activemq-5.1.0	1	2	activemq-core/src/main/java/org/apache/activemq/openwire/v2/BaseDataStreamMarshaller.java
activemq	activemq-5.0.0	activemq-5.1.0	2	3	activemq-core/src/main/java/org/apache/activemq/openwire/v3/BaseDataStreamMarshaller.java
activemq	activemq-5.0.0	activemq-5.1.0	9	2	activemq-core/src/main/java/org/apache/activemq/pool/ConnectionPool.java
activemq	activemq-5.0.0	activemq-5.1.0	10	1	activemq-core/src/main/java/org/apache/activemq/pool/PooledConnection.java
activemq	activemq-5.0.0	activemq-5.1.0	12	1	activemq-core/src/main/java/org/apache/activemq/pool/PooledConnectionFactory.java
activemq	activemq-5.0.0	activemq-5.1.0	1	1	activemq-core/src/main/java/org/apache/activemq/proxy/ProxyConnector.java
activemq	activemq-5.0.0	activemq-5.1.0	170	0	activemq-core/src/main/java/org/apache/activemq/spring/ActiveMQConnectionFactoryFactoryBean.java
activemq	activemq-5.0.0	activemq-5.1.0	60	12	activemq-core/src/main/java/org/apache/activemq/state/ConnectionStateTracker.java
activemq	activemq-5.0.0	activemq-5.1.0	4	1	activemq-core/src/main/java/org/apache/activemq/store/ReferenceStore.java
activemq	activemq-5.0.0	activemq-5.1.0	12	0	activemq-core/src/main/java/org/apache/activemq/store/ReferenceStoreAdapter.java
activemq	activemq-5.0.0	activemq-5.1.0	76	43	activemq-core/src/main/java/org/apache/activemq/store/amq/AMQMessageStore.java
activemq	activemq-5.0.0	activemq-5.1.0	156	20	activemq-core/src/main/java/org/apache/activemq/store/amq/AMQPersistenceAdapter.java
activemq	activemq-5.0.0	activemq-5.1.0	28	23	activemq-core/src/main/java/org/apache/activemq/store/amq/AMQTopicMessageStore.java
activemq	activemq-5.0.0	activemq-5.1.0	1	1	activemq-core/src/main/java/org/apache/activemq/store/amq/RecoveryListenerAdapter.java
activemq	activemq-5.0.0	activemq-5.1.0	14	5	activemq-core/src/main/java/org/apache/activemq/store/jdbc/DefaultDatabaseLocker.java
activemq	activemq-5.0.0	activemq-5.1.0	9	1	activemq-core/src/main/java/org/apache/activemq/store/jdbc/JDBCPersistenceAdapter.java
activemq	activemq-5.0.0	activemq-5.1.0	2	1	activemq-core/src/main/java/org/apache/activemq/store/journal/JournalMessageStore.java
activemq	activemq-5.0.0	activemq-5.1.0	2	1	activemq-core/src/main/java/org/apache/activemq/store/journal/JournalPersistenceAdapter.java
activemq	activemq-5.0.0	activemq-5.1.0	10	4	activemq-core/src/main/java/org/apache/activemq/store/kahadaptor/KahaPersistenceAdapter.java
activemq	activemq-5.0.0	activemq-5.1.0	117	61	activemq-core/src/main/java/org/apache/activemq/store/kahadaptor/KahaReferenceStore.java
activemq	activemq-5.0.0	activemq-5.1.0	14	11	activemq-core/src/main/java/org/apache/activemq/store/kahadaptor/KahaReferenceStoreAdapter.java
activemq	activemq-5.0.0	activemq-5.1.0	6	6	activemq-core/src/main/java/org/apache/activemq/store/kahadaptor/KahaTopicMessageStore.java
activemq	activemq-5.0.0	activemq-5.1.0	171	143	activemq-core/src/main/java/org/apache/activemq/store/kahadaptor/KahaTopicReferenceStore.java
activemq	activemq-5.0.0	activemq-5.1.0	5	1	activemq-core/src/main/java/org/apache/activemq/store/memory/MemoryMessageStore.java
activemq	activemq-5.0.0	activemq-5.1.0	7	0	activemq-core/src/main/java/org/apache/activemq/store/memory/MemoryPersistenceAdapter.java
activemq	activemq-5.0.0	activemq-5.1.0	6	6	activemq-core/src/main/java/org/apache/activemq/store/memory/MemoryTopicMessageStore.java
activemq	activemq-5.0.0	activemq-5.1.0	17	8	activemq-core/src/main/java/org/apache/activemq/store/memory/MemoryTopicSub.java
activemq	activemq-5.0.0	activemq-5.1.0	86	0	activemq-core/src/main/java/org/apache/activemq/thread/DeterministicTaskRunner.java
activemq	activemq-5.0.0	activemq-5.1.0	30	23	activemq-core/src/main/java/org/apache/activemq/thread/PooledTaskRunner.java
activemq	activemq-5.0.0	activemq-5.1.0	1	11	activemq-core/src/main/java/org/apache/activemq/thread/Scheduler.java
activemq	activemq-5.0.0	activemq-5.1.0	35	0	activemq-core/src/main/java/org/apache/activemq/thread/SchedulerTimerTask.java
activemq	activemq-5.0.0	activemq-5.1.0	8	3	activemq-core/src/main/java/org/apache/activemq/thread/TaskRunnerFactory.java
activemq	activemq-5.0.0	activemq-5.1.0	4	0	activemq-core/src/main/java/org/apache/activemq/transaction/Transaction.java
activemq	activemq-5.0.0	activemq-5.1.0	169	60	activemq-core/src/main/java/org/apache/activemq/transport/InactivityMonitor.java
activemq	activemq-5.0.0	activemq-5.1.0	85	0	activemq-core/src/main/java/org/apache/activemq/transport/LogWriter.java
activemq	activemq-5.0.0	activemq-5.1.0	29	8	activemq-core/src/main/java/org/apache/activemq/transport/ResponseCorrelator.java
activemq	activemq-5.0.0	activemq-5.1.0	19	1	activemq-core/src/main/java/org/apache/activemq/transport/Transport.java
activemq	activemq-5.0.0	activemq-5.1.0	29	3	activemq-core/src/main/java/org/apache/activemq/transport/TransportFactory.java
activemq	activemq-5.0.0	activemq-5.1.0	13	0	activemq-core/src/main/java/org/apache/activemq/transport/TransportFilter.java
activemq	activemq-5.0.0	activemq-5.1.0	91	20	activemq-core/src/main/java/org/apache/activemq/transport/TransportLogger.java
activemq	activemq-5.0.0	activemq-5.1.0	52	0	activemq-core/src/main/java/org/apache/activemq/transport/TransportLoggerControl.java
activemq	activemq-5.0.0	activemq-5.1.0	46	0	activemq-core/src/main/java/org/apache/activemq/transport/TransportLoggerControlMBean.java
activemq	activemq-5.0.0	activemq-5.1.0	213	0	activemq-core/src/main/java/org/apache/activemq/transport/TransportLoggerFactory.java
activemq	activemq-5.0.0	activemq-5.1.0	173	0	activemq-core/src/main/java/org/apache/activemq/transport/TransportLoggerView.java
activemq	activemq-5.0.0	activemq-5.1.0	56	0	activemq-core/src/main/java/org/apache/activemq/transport/TransportLoggerViewMBean.java
activemq	activemq-5.0.0	activemq-5.1.0	14	0	activemq-core/src/main/java/org/apache/activemq/transport/TransportSupport.java
activemq	activemq-5.0.0	activemq-5.1.0	9	0	activemq-core/src/main/java/org/apache/activemq/transport/WireFormatNegotiator.java
activemq	activemq-5.0.0	activemq-5.1.0	1	1	activemq-core/src/main/java/org/apache/activemq/transport/discovery/DiscoveryTransportFactory.java
activemq	activemq-5.0.0	activemq-5.1.0	5	0	activemq-core/src/main/java/org/apache/activemq/transport/discovery/multicast/MulticastDiscoveryAgentFactory.java
activemq	activemq-5.0.0	activemq-5.1.0	1	2	activemq-core/src/main/java/org/apache/activemq/transport/discovery/rendezvous/JmDNSFactory.java
activemq	activemq-5.0.0	activemq-5.1.0	4	4	activemq-core/src/main/java/org/apache/activemq/transport/discovery/rendezvous/RendezvousDiscoveryAgent.java
activemq	activemq-5.0.0	activemq-5.1.0	18	5	activemq-core/src/main/java/org/apache/activemq/transport/discovery/simple/SimpleDiscoveryAgent.java
activemq	activemq-5.0.0	activemq-5.1.0	77	0	activemq-core/src/main/java/org/apache/activemq/transport/failover/BackupTransport.java
activemq	activemq-5.0.0	activemq-5.1.0	357	117	activemq-core/src/main/java/org/apache/activemq/transport/failover/FailoverTransport.java
activemq	activemq-5.0.0	activemq-5.1.0	1	1	activemq-core/src/main/java/org/apache/activemq/transport/failover/FailoverTransportFactory.java
activemq	activemq-5.0.0	activemq-5.1.0	17	0	activemq-core/src/main/java/org/apache/activemq/transport/fanout/FanoutTransport.java
activemq	activemq-5.0.0	activemq-5.1.0	1	1	activemq-core/src/main/java/org/apache/activemq/transport/fanout/FanoutTransportFactory.java
activemq	activemq-5.0.0	activemq-5.1.0	161	0	activemq-core/src/main/java/org/apache/activemq/transport/logwriters/CustomLogWriter.java
activemq	activemq-5.0.0	activemq-5.1.0	69	0	activemq-core/src/main/java/org/apache/activemq/transport/logwriters/DefaultLogWriter.java
activemq	activemq-5.0.0	activemq-5.1.0	12	0	activemq-core/src/main/java/org/apache/activemq/transport/mock/MockTransport.java
activemq	activemq-5.0.0	activemq-5.1.0	1	1	activemq-core/src/main/java/org/apache/activemq/transport/mock/MockTransportFactory.java
activemq	activemq-5.0.0	activemq-5.1.0	1	1	activemq-core/src/main/java/org/apache/activemq/transport/peer/PeerTransportFactory.java
activemq	activemq-5.0.0	activemq-5.1.0	205	0	activemq-core/src/main/java/org/apache/activemq/transport/stomp/JmsFrameTranslator.java
activemq	activemq-5.0.0	activemq-5.1.0	108	43	activemq-core/src/main/java/org/apache/activemq/transport/stomp/ProtocolConverter.java
activemq	activemq-5.0.0	activemq-5.1.0	14	0	activemq-core/src/main/java/org/apache/activemq/transport/stomp/Stomp.java
activemq	activemq-5.0.0	activemq-5.1.0	15	2	activemq-core/src/main/java/org/apache/activemq/transport/stomp/StompSslTransportFactory.java
activemq	activemq-5.0.0	activemq-5.1.0	14	2	activemq-core/src/main/java/org/apache/activemq/transport/stomp/StompSubscription.java
activemq	activemq-5.0.0	activemq-5.1.0	14	2	activemq-core/src/main/java/org/apache/activemq/transport/stomp/StompTransportFactory.java
activemq	activemq-5.0.0	activemq-5.1.0	4	3	activemq-core/src/main/java/org/apache/activemq/transport/stomp/StompTransportFilter.java
activemq	activemq-5.0.0	activemq-5.1.0	1	1	activemq-core/src/main/java/org/apache/activemq/transport/tcp/SslTransport.java
activemq	activemq-5.0.0	activemq-5.1.0	10	4	activemq-core/src/main/java/org/apache/activemq/transport/tcp/SslTransportFactory.java
activemq	activemq-5.0.0	activemq-5.1.0	5	2	activemq-core/src/main/java/org/apache/activemq/transport/tcp/SslTransportServer.java
activemq	activemq-5.0.0	activemq-5.1.0	10	9	activemq-core/src/main/java/org/apache/activemq/transport/tcp/TcpBufferedOutputStream.java
activemq	activemq-5.0.0	activemq-5.1.0	49	10	activemq-core/src/main/java/org/apache/activemq/transport/tcp/TcpTransport.java
activemq	activemq-5.0.0	activemq-5.1.0	12	3	activemq-core/src/main/java/org/apache/activemq/transport/tcp/TcpTransportFactory.java
activemq	activemq-5.0.0	activemq-5.1.0	91	14	activemq-core/src/main/java/org/apache/activemq/transport/tcp/TcpTransportServer.java
activemq	activemq-5.0.0	activemq-5.1.0	14	4	activemq-core/src/main/java/org/apache/activemq/transport/udp/UdpTransportFactory.java
activemq	activemq-5.0.0	activemq-5.1.0	22	7	activemq-core/src/main/java/org/apache/activemq/transport/vm/VMTransport.java
activemq	activemq-5.0.0	activemq-5.1.0	4	2	activemq-core/src/main/java/org/apache/activemq/transport/vm/VMTransportFactory.java
activemq	activemq-5.0.0	activemq-5.1.0	4	4	activemq-core/src/main/java/org/apache/activemq/usage/Usage.java
activemq	activemq-5.0.0	activemq-5.1.0	42	0	activemq-core/src/main/java/org/apache/activemq/util/ActiveMQMessageUtils.java
activemq	activemq-5.0.0	activemq-5.1.0	5	4	activemq-core/src/main/java/org/apache/activemq/util/BitArrayBin.java
activemq	activemq-5.0.0	activemq-5.1.0	9	8	activemq-core/src/main/java/org/apache/activemq/util/BrokerSupport.java
activemq	activemq-5.0.0	activemq-5.1.0	0	244	activemq-core/src/main/java/org/apache/activemq/util/ClassLoading.java
activemq	activemq-5.0.0	activemq-5.1.0	26	4	activemq-core/src/main/java/org/apache/activemq/util/ClassLoadingAwareObjectInputStream.java
activemq	activemq-5.0.0	activemq-5.1.0	49	7	activemq-core/src/main/java/org/apache/activemq/util/IOHelper.java
activemq	activemq-5.0.0	activemq-5.1.0	8	3	activemq-core/src/main/java/org/apache/activemq/util/IntrospectionSupport.java
activemq	activemq-5.0.0	activemq-5.1.0	5	0	activemq-core/src/main/java/org/apache/activemq/util/LinkedNode.java
activemq	activemq-5.0.0	activemq-5.1.0	141	0	activemq-core/src/main/java/org/apache/activemq/util/LogWriterFinder.java
activemq	activemq-5.0.0	activemq-5.1.0	7	1	activemq-core/src/main/java/org/apache/activemq/util/ServiceSupport.java
activemq	activemq-5.0.0	activemq-5.1.0	123	0	activemq-core/src/main/java/org/apache/activemq/util/XStreamFactoryBean.java
activemq	activemq-5.0.0	activemq-5.1.0	6	1	activemq-core/src/main/java/org/apache/activemq/xbean/XBeanBrokerFactory.java
activemq	activemq-5.0.0	activemq-5.1.0	16	1	activemq-core/src/main/java/org/apache/activemq/xbean/XBeanBrokerService.java
activemq	activemq-5.0.0	activemq-5.1.0	0	1	activemq-core/src/test/java/org/apache/activemq/AMQDeadlockTest3.java
activemq	activemq-5.0.0	activemq-5.1.0	86	0	activemq-core/src/test/java/org/apache/activemq/ActiveMQInputStreamTest.java
activemq	activemq-5.0.0	activemq-5.1.0	21	0	activemq-core/src/test/java/org/apache/activemq/ActiveMQXAConnectionFactoryTest.java
activemq	activemq-5.0.0	activemq-5.1.0	2	2	activemq-core/src/test/java/org/apache/activemq/ClientTestSupport.java
activemq	activemq-5.0.0	activemq-5.1.0	0	2	activemq-core/src/test/java/org/apache/activemq/EmbeddedBrokerTestSupport.java
activemq	activemq-5.0.0	activemq-5.1.0	1	1	activemq-core/src/test/java/org/apache/activemq/ExclusiveConsumerTest.java
activemq	activemq-5.0.0	activemq-5.1.0	37	0	activemq-core/src/test/java/org/apache/activemq/JmsMultipleBrokersTestSupport.java
activemq	activemq-5.0.0	activemq-5.1.0	0	1	activemq-core/src/test/java/org/apache/activemq/JmsQueueBrowserTest.java
activemq	activemq-5.0.0	activemq-5.1.0	27	10	activemq-core/src/test/java/org/apache/activemq/JmsTempDestinationTest.java
activemq	activemq-5.0.0	activemq-5.1.0	95	0	activemq-core/src/test/java/org/apache/activemq/QueueConsumerPriorityTest.java
activemq	activemq-5.0.0	activemq-5.1.0	129	0	activemq-core/src/test/java/org/apache/activemq/advisory/DestinationListenerTest.java
activemq	activemq-5.0.0	activemq-5.1.0	104	0	activemq-core/src/test/java/org/apache/activemq/advisory/TempDestLoadTest.java
activemq	activemq-5.0.0	activemq-5.1.0	111	0	activemq-core/src/test/java/org/apache/activemq/advisory/TempQueueMemoryTest.java
activemq	activemq-5.0.0	activemq-5.1.0	3	2	activemq-core/src/test/java/org/apache/activemq/broker/BrokerRestartTestSupport.java
activemq	activemq-5.0.0	activemq-5.1.0	41	79	activemq-core/src/test/java/org/apache/activemq/broker/BrokerTest.java
activemq	activemq-5.0.0	activemq-5.1.0	1	1	activemq-core/src/test/java/org/apache/activemq/broker/MessageExpirationTest.java
activemq	activemq-5.0.0	activemq-5.1.0	2	2	activemq-core/src/test/java/org/apache/activemq/broker/QueueSubscriptionTest.java
activemq	activemq-5.0.0	activemq-5.1.0	2	1	activemq-core/src/test/java/org/apache/activemq/broker/RecoveryBrokerTest.java
activemq	activemq-5.0.0	activemq-5.1.0	4	0	activemq-core/src/test/java/org/apache/activemq/broker/StubBroker.java
activemq	activemq-5.0.0	activemq-5.1.0	5	5	activemq-core/src/test/java/org/apache/activemq/broker/StubConnection.java
activemq	activemq-5.0.0	activemq-5.1.0	30	10	activemq-core/src/test/java/org/apache/activemq/broker/ft/QueueMasterSlaveTest.java
activemq	activemq-5.0.0	activemq-5.1.0	44	0	activemq-core/src/test/java/org/apache/activemq/broker/ft/QueueMasterSlaveTestUsingSharedFileTest.java
activemq	activemq-5.0.0	activemq-5.1.0	12	15	activemq-core/src/test/java/org/apache/activemq/broker/jmx/MBeanTest.java
activemq	activemq-5.0.0	activemq-5.1.0	74	0	activemq-core/src/test/java/org/apache/activemq/broker/message/security/MessageAuthenticationTest.java
activemq	activemq-5.0.0	activemq-5.1.0	150	0	activemq-core/src/test/java/org/apache/activemq/broker/policy/MessageListenerDeadLetterTest.java
activemq	activemq-5.0.0	activemq-5.1.0	2	2	activemq-core/src/test/java/org/apache/activemq/broker/policy/SimpleDispatchPolicyTest.java
activemq	activemq-5.0.0	activemq-5.1.0	3	3	activemq-core/src/test/java/org/apache/activemq/broker/region/cursors/CursorSupport.java
activemq	activemq-5.0.0	activemq-5.1.0	17	1	activemq-core/src/test/java/org/apache/activemq/broker/virtual/MirroredQueueTest.java
activemq	activemq-5.0.0	activemq-5.1.0	3	3	activemq-core/src/test/java/org/apache/activemq/bugs/DurableConsumerTest.java
activemq	activemq-5.0.0	activemq-5.1.0	1	1	activemq-core/src/test/java/org/apache/activemq/bugs/JmsDurableTopicSlowReceiveTest.java
activemq	activemq-5.0.0	activemq-5.1.0	11	8	activemq-core/src/test/java/org/apache/activemq/bugs/amq1095/ActiveMQTestCase.java
activemq	activemq-5.0.0	activemq-5.1.0	145	0	activemq-core/src/test/java/org/apache/activemq/camel/CamelEmbeddedBrokerTestSupport.java
activemq	activemq-5.0.0	activemq-5.1.0	36	0	activemq-core/src/test/java/org/apache/activemq/camel/SetGroupIdProcessor.java
activemq	activemq-5.0.0	activemq-5.1.0	60	0	activemq-core/src/test/java/org/apache/activemq/camel/SetHeaderTest.java
activemq	activemq-5.0.0	activemq-5.1.0	23	3	activemq-core/src/test/java/org/apache/activemq/camel/component/ActiveMQConfigureTest.java
activemq	activemq-5.0.0	activemq-5.1.0	20	13	activemq-core/src/test/java/org/apache/activemq/camel/component/ActiveMQReplyToHeaderUsingConverterTest.java
activemq	activemq-5.0.0	activemq-5.1.0	72	0	activemq-core/src/test/java/org/apache/activemq/camel/component/AdvisoryConsumerExample.java
activemq	activemq-5.0.0	activemq-5.1.0	89	0	activemq-core/src/test/java/org/apache/activemq/camel/component/AutoExposeQueuesInCamelTest.java
activemq	activemq-5.0.0	activemq-5.1.0	69	0	activemq-core/src/test/java/org/apache/activemq/camel/component/BrowseQueuesInUFace.java
activemq	activemq-5.0.0	activemq-5.1.0	138	0	activemq-core/src/test/java/org/apache/activemq/camel/component/InvokeRequestReplyUsingJmsReplyToHeaderTest.java
activemq	activemq-5.0.0	activemq-5.1.0	59	0	activemq-core/src/test/java/org/apache/activemq/camel/converter/InvokeJmsMessageListenerTest.java
activemq	activemq-5.0.0	activemq-5.1.0	43	0	activemq-core/src/test/java/org/apache/activemq/filter/DestinationMapTempDestinationTest.java
activemq	activemq-5.0.0	activemq-5.1.0	1	1	activemq-core/src/test/java/org/apache/activemq/kaha/Loader.java
activemq	activemq-5.0.0	activemq-5.1.0	133	0	activemq-core/src/test/java/org/apache/activemq/kaha/impl/async/DataFileAppenderTest.java
activemq	activemq-5.0.0	activemq-5.1.0	25	0	activemq-core/src/test/java/org/apache/activemq/kaha/impl/async/NioDataFileAppenderTest.java
activemq	activemq-5.0.0	activemq-5.1.0	7	1	activemq-core/src/test/java/org/apache/activemq/kaha/impl/index/hash/HashTest.java
activemq	activemq-5.0.0	activemq-5.1.0	233	0	activemq-core/src/test/java/org/apache/activemq/load/LoadClient.java
activemq	activemq-5.0.0	activemq-5.1.0	105	0	activemq-core/src/test/java/org/apache/activemq/load/LoadController.java
activemq	activemq-5.0.0	activemq-5.1.0	155	0	activemq-core/src/test/java/org/apache/activemq/load/LoadTest.java
activemq	activemq-5.0.0	activemq-5.1.0	80	0	activemq-core/src/test/java/org/apache/activemq/memory/MemoryPropertyTest.java
activemq	activemq-5.0.0	activemq-5.1.0	175	0	activemq-core/src/test/java/org/apache/activemq/network/NetworkFailoverTest.java
activemq	activemq-5.0.0	activemq-5.1.0	333	0	activemq-core/src/test/java/org/apache/activemq/network/NetworkLoadTest.java
activemq	activemq-5.0.0	activemq-5.1.0	5	5	activemq-core/src/test/java/org/apache/activemq/network/NetworkReconnectTest.java
activemq	activemq-5.0.0	activemq-5.1.0	17	18	activemq-core/src/test/java/org/apache/activemq/network/NetworkTestSupport.java
activemq	activemq-5.0.0	activemq-5.1.0	13	3	activemq-core/src/test/java/org/apache/activemq/perf/AMQStoreDurableTopicTest.java
activemq	activemq-5.0.0	activemq-5.1.0	2	2	activemq-core/src/test/java/org/apache/activemq/perf/AMQStoreQueueTest.java
activemq	activemq-5.0.0	activemq-5.1.0	2	2	activemq-core/src/test/java/org/apache/activemq/perf/JournalKahaDurableTopicTest.java
activemq	activemq-5.0.0	activemq-5.1.0	2	2	activemq-core/src/test/java/org/apache/activemq/perf/JournalKahaQueueTest.java
activemq	activemq-5.0.0	activemq-5.1.0	3	2	activemq-core/src/test/java/org/apache/activemq/perf/KahaDurableTopicTest.java
activemq	activemq-5.0.0	activemq-5.1.0	2	2	activemq-core/src/test/java/org/apache/activemq/perf/KahaQueueTest.java
activemq	activemq-5.0.0	activemq-5.1.0	310	0	activemq-core/src/test/java/org/apache/activemq/perf/NetworkedSyncTest.java
activemq	activemq-5.0.0	activemq-5.1.0	11	3	activemq-core/src/test/java/org/apache/activemq/perf/PerfConsumer.java
activemq	activemq-5.0.0	activemq-5.1.0	16	0	activemq-core/src/test/java/org/apache/activemq/perf/PerfProducer.java
activemq	activemq-5.0.0	activemq-5.1.0	5	5	activemq-core/src/test/java/org/apache/activemq/perf/QueueConnectionMemoryTest.java
activemq	activemq-5.0.0	activemq-5.1.0	45	0	activemq-core/src/test/java/org/apache/activemq/perf/SimpleDurableTopicNetworkTest.java
activemq	activemq-5.0.0	activemq-5.1.0	9	0	activemq-core/src/test/java/org/apache/activemq/perf/SimpleDurableTopicTest.java
activemq	activemq-5.0.0	activemq-5.1.0	145	0	activemq-core/src/test/java/org/apache/activemq/perf/SimpleNetworkTest.java
activemq	activemq-5.0.0	activemq-5.1.0	83	0	activemq-core/src/test/java/org/apache/activemq/perf/SimpleNonPersistentQueueNetworkTest.java
activemq	activemq-5.0.0	activemq-5.1.0	34	0	activemq-core/src/test/java/org/apache/activemq/perf/SimpleNonPersistentQueueTest.java
activemq	activemq-5.0.0	activemq-5.1.0	14	0	activemq-core/src/test/java/org/apache/activemq/perf/SimpleQueueTest.java
activemq	activemq-5.0.0	activemq-5.1.0	62	37	activemq-core/src/test/java/org/apache/activemq/perf/SimpleTopicTest.java
activemq	activemq-5.0.0	activemq-5.1.0	5	10	activemq-core/src/test/java/org/apache/activemq/perf/SlowConsumerTopicTest.java
activemq	activemq-5.0.0	activemq-5.1.0	4	4	activemq-core/src/test/java/org/apache/activemq/proxy/ProxyTestSupport.java
activemq	activemq-5.0.0	activemq-5.1.0	94	0	activemq-core/src/test/java/org/apache/activemq/spring/ActiveMQConnectionFactoryFactoryBeanTest.java
activemq	activemq-5.0.0	activemq-5.1.0	152	0	activemq-core/src/test/java/org/apache/activemq/thread/PooledTaskRunnerTest.java
activemq	activemq-5.0.0	activemq-5.1.0	4	2	activemq-core/src/test/java/org/apache/activemq/transport/TransportBrokerTestSupport.java
activemq	activemq-5.0.0	activemq-5.1.0	40	21	activemq-core/src/test/java/org/apache/activemq/transport/failover/ReconnectTest.java
activemq	activemq-5.0.0	activemq-5.1.0	54	0	activemq-core/src/test/java/org/apache/activemq/transport/stomp/SamplePojo.java
activemq	activemq-5.0.0	activemq-5.1.0	14	2	activemq-core/src/test/java/org/apache/activemq/transport/stomp/StompConnection.java
activemq	activemq-5.0.0	activemq-5.1.0	382	28	activemq-core/src/test/java/org/apache/activemq/transport/stomp/StompTest.java
activemq	activemq-5.0.0	activemq-5.1.0	2	2	activemq-core/src/test/java/org/apache/activemq/transport/tcp/InactivityMonitorTest.java
activemq	activemq-5.0.0	activemq-5.1.0	121	0	activemq-core/src/test/java/org/apache/activemq/transport/tcp/SslBrokerServiceTest.java
activemq	activemq-5.0.0	activemq-5.1.0	11	6	activemq-core/src/test/java/org/apache/activemq/transport/tcp/SslTransportBrokerTest.java
activemq	activemq-5.0.0	activemq-5.1.0	1	1	activemq-core/src/test/java/org/apache/activemq/transport/tcp/SslTransportFactoryTest.java
activemq	activemq-5.0.0	activemq-5.1.0	27	21	activemq-core/src/test/java/org/apache/activemq/transport/tcp/SslTransportServerTest.java
activemq	activemq-5.0.0	activemq-5.1.0	1	1	activemq-core/src/test/java/org/apache/activemq/transport/tcp/WireformatNegociationTest.java
activemq	activemq-5.0.0	activemq-5.1.0	1	1	activemq-core/src/test/java/org/apache/activemq/transport/udp/UdpTransportUsingServerTest.java
activemq	activemq-5.0.0	activemq-5.1.0	0	1	activemq-core/src/test/java/org/apache/activemq/usecases/AMQDeadlockTestW4Brokers.java
activemq	activemq-5.0.0	activemq-5.1.0	0	1	activemq-core/src/test/java/org/apache/activemq/usecases/AMQFailoverIssue.java
activemq	activemq-5.0.0	activemq-5.1.0	4	5	activemq-core/src/test/java/org/apache/activemq/usecases/AMQStackOverFlowTest.java
activemq	activemq-5.0.0	activemq-5.1.0	11	5	activemq-core/src/test/java/org/apache/activemq/usecases/MultiBrokersMultiClientsTest.java
activemq	activemq-5.0.0	activemq-5.1.0	4	3	activemq-core/src/test/java/org/apache/activemq/usecases/QueueRepeaterTest.java
activemq	activemq-5.0.0	activemq-5.1.0	21	6	activemq-core/src/test/java/org/apache/activemq/usecases/ReliableReconnectTest.java
activemq	activemq-5.0.0	activemq-5.1.0	1	1	activemq-core/src/test/java/org/apache/activemq/usecases/TestSupport.java
activemq	activemq-5.0.0	activemq-5.1.0	5	3	activemq-core/src/test/java/org/apache/activemq/usecases/TransactionTest.java
activemq	activemq-5.0.0	activemq-5.1.0	7	51	activemq-core/src/test/java/org/apache/activemq/usecases/TwoBrokerMessageNotSentToRemoteWhenNoConsumerTest.java
activemq	activemq-5.0.0	activemq-5.1.0	5	0	activemq-core/src/test/java/org/apache/activemq/usecases/TwoMulticastDiscoveryBrokerTopicSendReceiveTest.java
activemq	activemq-5.0.0	activemq-5.1.0	39	0	activemq-core/src/test/java/org/apache/activemq/xbean/ApplicationContextAwareTest.java
activemq	activemq-5.0.0	activemq-5.1.0	257	0	activemq-jmdns_1.0/src/main/java/org/apache/activemq/jmdns/DNSCache.java
activemq	activemq-5.0.0	activemq-5.1.0	125	0	activemq-jmdns_1.0/src/main/java/org/apache/activemq/jmdns/DNSConstants.java
activemq	activemq-5.0.0	activemq-5.1.0	148	0	activemq-jmdns_1.0/src/main/java/org/apache/activemq/jmdns/DNSEntry.java
activemq	activemq-5.0.0	activemq-5.1.0	466	0	activemq-jmdns_1.0/src/main/java/org/apache/activemq/jmdns/DNSIncoming.java
activemq	activemq-5.0.0	activemq-5.1.0	24	0	activemq-jmdns_1.0/src/main/java/org/apache/activemq/jmdns/DNSListener.java
activemq	activemq-5.0.0	activemq-5.1.0	381	0	activemq-jmdns_1.0/src/main/java/org/apache/activemq/jmdns/DNSOutgoing.java
activemq	activemq-5.0.0	activemq-5.1.0	44	0	activemq-jmdns_1.0/src/main/java/org/apache/activemq/jmdns/DNSQuestion.java
activemq	activemq-5.0.0	activemq-5.1.0	673	0	activemq-jmdns_1.0/src/main/java/org/apache/activemq/jmdns/DNSRecord.java
activemq	activemq-5.0.0	activemq-5.1.0	111	0	activemq-jmdns_1.0/src/main/java/org/apache/activemq/jmdns/DNSState.java
activemq	activemq-5.0.0	activemq-5.1.0	138	0	activemq-jmdns_1.0/src/main/java/org/apache/activemq/jmdns/HostInfo.java
activemq	activemq-5.0.0	activemq-5.1.0	2559	0	activemq-jmdns_1.0/src/main/java/org/apache/activemq/jmdns/JmDNS.java
activemq	activemq-5.0.0	activemq-5.1.0	99	0	activemq-jmdns_1.0/src/main/java/org/apache/activemq/jmdns/ServiceEvent.java
activemq	activemq-5.0.0	activemq-5.1.0	659	0	activemq-jmdns_1.0/src/main/java/org/apache/activemq/jmdns/ServiceInfo.java
activemq	activemq-5.0.0	activemq-5.1.0	42	0	activemq-jmdns_1.0/src/main/java/org/apache/activemq/jmdns/ServiceListener.java
activemq	activemq-5.0.0	activemq-5.1.0	24	0	activemq-jmdns_1.0/src/main/java/org/apache/activemq/jmdns/ServiceTypeListener.java
activemq	activemq-5.0.0	activemq-5.1.0	8	1	activemq-jpa-store/src/main/java/org/apache/activemq/store/jpa/JPAReferenceStore.java
activemq	activemq-5.0.0	activemq-5.1.0	6	0	activemq-jpa-store/src/main/java/org/apache/activemq/store/jpa/JPAReferenceStoreAdapter.java
activemq	activemq-5.0.0	activemq-5.1.0	2	2	activemq-jpa-store/src/test/java/org/apache/activemq/broker/store/JPARecoveryBrokerTest.java
activemq	activemq-5.0.0	activemq-5.1.0	2	2	activemq-jpa-store/src/test/java/org/apache/activemq/broker/store/QuickJPAStoreRecoveryBrokerTest.java
activemq	activemq-5.0.0	activemq-5.1.0	2	2	activemq-jpa-store/src/test/java/org/apache/activemq/broker/store/QuickJPAStoreXARecoveryBrokerTest.java
activemq	activemq-5.0.0	activemq-5.1.0	10	1	activemq-optional/src/main/java/org/apache/activemq/benchmark/BenchmarkSupport.java
activemq	activemq-5.0.0	activemq-5.1.0	8	0	activemq-optional/src/main/java/org/apache/activemq/benchmark/Producer.java
activemq	activemq-5.0.0	activemq-5.1.0	4	0	activemq-optional/src/main/java/org/apache/activemq/benchmark/ProducerConsumer.java
activemq	activemq-5.0.0	activemq-5.1.0	1	1	activemq-optional/src/main/java/org/apache/activemq/transport/http/HttpClientTransport.java
activemq	activemq-5.0.0	activemq-5.1.0	10	5	activemq-optional/src/main/java/org/apache/activemq/transport/http/HttpTransportFactory.java
activemq	activemq-5.0.0	activemq-5.1.0	34	0	activemq-optional/src/main/java/org/apache/activemq/transport/https/HttpsClientTransport.java
activemq	activemq-5.0.0	activemq-5.1.0	1	1	activemq-optional/src/main/java/org/apache/activemq/transport/https/HttpsTransportFactory.java
activemq	activemq-5.0.0	activemq-5.1.0	11	8	activemq-ra/src/main/java/org/apache/activemq/ra/ActiveMQConnectionFactory.java
activemq	activemq-5.0.0	activemq-5.1.0	7	2	activemq-ra/src/main/java/org/apache/activemq/ra/ActiveMQConnectionRequestInfo.java
activemq	activemq-5.0.0	activemq-5.1.0	388	0	activemq-ra/src/main/java/org/apache/activemq/ra/ActiveMQConnectionSupport.java
activemq	activemq-5.0.0	activemq-5.1.0	1	1	activemq-ra/src/main/java/org/apache/activemq/ra/ActiveMQEndpointActivationKey.java
activemq	activemq-5.0.0	activemq-5.1.0	86	240	activemq-ra/src/main/java/org/apache/activemq/ra/ActiveMQManagedConnectionFactory.java
activemq	activemq-5.0.0	activemq-5.1.0	49	313	activemq-ra/src/main/java/org/apache/activemq/ra/ActiveMQResourceAdapter.java
activemq	activemq-5.0.0	activemq-5.1.0	0	15	activemq-ra/src/main/java/org/apache/activemq/ra/MessageResourceAdapter.java
activemq	activemq-5.0.0	activemq-5.1.0	5	0	activemq-ra/src/main/java/org/apache/activemq/ra/ServerSessionImpl.java
activemq	activemq-5.0.0	activemq-5.1.0	146	66	activemq-ra/src/main/java/org/apache/activemq/ra/ServerSessionPoolImpl.java
activemq	activemq-5.0.0	activemq-5.1.0	15	14	activemq-ra/src/test/java/org/apache/activemq/ra/ActiveMQAsfEndpointWorkerTest.java
activemq	activemq-5.0.0	activemq-5.1.0	76	0	activemq-ra/src/test/java/org/apache/activemq/ra/ActiveMQConnectionFactoryTest.java
activemq	activemq-5.0.0	activemq-5.1.0	37	25	activemq-ra/src/test/java/org/apache/activemq/ra/ManagedConnectionFactoryTest.java
activemq	activemq-5.0.0	activemq-5.1.0	3	25	activemq-ra/src/test/java/org/apache/activemq/ra/ManagedConnectionTest.java
activemq	activemq-5.0.0	activemq-5.1.0	70	1	activemq-ra/src/test/java/org/apache/activemq/ra/ServerSessionImplTest.java
activemq	activemq-5.0.0	activemq-5.1.0	0	104	activemq-web-console/src/main/java/org/apache/activemq/web/BrokerFacadeSupport.java
activemq	activemq-5.0.0	activemq-5.1.0	0	48	activemq-web-console/src/main/java/org/apache/activemq/web/DurableSubscriberFacade.java
activemq	activemq-5.0.0	activemq-5.1.0	0	75	activemq-web-console/src/main/java/org/apache/activemq/web/LocalBrokerFacade.java
activemq	activemq-5.0.0	activemq-5.1.0	0	112	activemq-web-console/src/main/java/org/apache/activemq/web/MessageQuery.java
activemq	activemq-5.0.0	activemq-5.1.0	0	95	activemq-web-console/src/main/java/org/apache/activemq/web/QueueBrowseQuery.java
activemq	activemq-5.0.0	activemq-5.1.0	0	101	activemq-web-console/src/main/java/org/apache/activemq/web/SessionPool.java
activemq	activemq-5.0.0	activemq-5.1.0	19	7	activemq-web-console/src/main/java/org/apache/activemq/web/handler/BindingBeanNameUrlHandlerMapping.java
activemq	activemq-5.0.0	activemq-5.1.0	8	1	activemq-web/src/main/java/org/apache/activemq/web/DestinationFacade.java
activemq	activemq-5.0.0	activemq-5.1.0	43	85	activemq-web/src/main/java/org/apache/activemq/web/QueueBrowseServlet.java
activemq	activemq-5.0.0	activemq-5.1.0	1	1	activemq-web/src/main/java/org/apache/activemq/web/view/RssMessageRenderer.java
activemq	activemq-5.0.0	activemq-5.1.0	1	1	assembly/src/release/example/src/TopicPublisher.java
activemq	activemq-5.0.0	activemq-5.1.0	107	0	assembly/src/release/example/transactions/src/Retailer.java
activemq	activemq-5.0.0	activemq-5.1.0	135	0	assembly/src/release/example/transactions/src/Supplier.java
activemq	activemq-5.0.0	activemq-5.1.0	47	0	assembly/src/release/example/transactions/src/TransactionsDemo.java
activemq	activemq-5.0.0	activemq-5.1.0	302	0	assembly/src/release/example/transactions/src/Vendor.java
